1652110210721;2022-05-09;Fastlane Overkill;fastlane@decepticon.com;2000000.0;admin
1652112383980;2022-05-09;Mixmaster Monzo;mixmaster@autobot.com;3.21E7;admin
1652112780445;2022-05-09;Dafrid;bako@gmail.com;1.0E7;admin
1652147888913;2022-05-10;Han Nguyen;hannguyen@codegym.com;1.61E7;admin
1652148131469;2022-05-10;Ralmadoc;ralma@mordor.com;2.01E7;admin
1652148250035;2022-05-10;Lorem Ipsum;loremipsum@lorem.ipsum;2.4E7;admin
1652148347761;2022-05-10;Dorlor Sit Amet;dolor@lorem.com;2.8E7;admin
1652148485587;2022-05-10;Gravida Magna;gravil@lorem.ipsum;1.21E7;hannguyen
1652151857059;2022-05-10;Tung Tung;tung@gmail.com;1.2E7;admin
1652255793928;2022-05-11;Bruno Galbasi;bruno@middleearth.com;5.55E7;admin
